{
  "nodes": [
    {
      "id": "12",
      "assistantId": "asst_WgH5gbEYFznVGJWbFSivnBT5",
      "name": "New Pictory Bulk Outline Generator",
      "inputs": [],
      "outputs": [
        {
          "name": "ScriptOutline",
          "type": "ScriptOutline",
          "schemaId": "fe09246c-0708-40f3-b2b2-2d436ef33a61",
          "description": "Outline for a video script"
        }
      ],
      "position": {
        "x": 1,
        "y": 243
      }
    },
    {
      "id": "13",
      "assistantId": "asst_gpIxVdwy9c6Gc1kos9UV4nxC",
      "name": "New  Pictory Script Creator",
      "inputs": [
        {
          "name": "ScriptOutline",
          "type": "ScriptOutline",
          "schemaId": "fe09246c-0708-40f3-b2b2-2d436ef33a61",
          "description": "Outline for a video script"
        }
      ],
      "outputs": [
        {
          "name": "Script",
          "type": "Script",
          "schemaId": "d1b503bb-2584-4123-8061-2deb190204c7",
          "description": "A script generated from an outline"
        }
      ],
      "position": {
        "x": 383,
        "y": 324
      }
    },
    {
      "id": "14",
      "assistantId": "asst_hg0AIszhNaLSenAOPhMRnx2c",
      "name": "New Pictory Video Creator",
      "inputs": [
        {
          "name": "Script",
          "type": "Script",
          "schemaId": "d1b503bb-2584-4123-8061-2deb190204c7",
          "description": "A script generated from an outline"
        }
      ],
      "outputs": [
        {
          "name": "PictoryJob",
          "type": "PictoryJob",
          "schemaId": "d5733ec3-a760-4971-a534-43fd42520aea",
          "description": "The response from Pictory after we send it a request"
        },
        {
          "name": "PictoryRender",
          "type": "PictoryRender",
          "schemaId": "d4ca1f06-307e-4025-9594-02af120043ff",
          "description": "A rendered video from Pictory"
        },
        {
          "name": "PictoryRequest",
          "type": "PictoryRequest",
          "schemaId": "ce8b395c-4bc0-4daf-b55c-7540b5bfc321",
          "description": "The request we sent to Pictory to generate a video"
        },
        {
          "name": "Video",
          "type": "Video",
          "schemaId": "b3e47e4e-bd69-4968-9c29-7c2e0b01c29b",
          "description": "A video file"
        }
      ],
      "position": {
        "x": 712,
        "y": 279
      }
    }
  ],
  "connections": [
    {
      "fromNode": "12",
      "fromOutput": "0",
      "toNode": "13",
      "toInput": "0"
    },
    {
      "fromNode": "13",
      "fromOutput": "0",
      "toNode": "14",
      "toInput": "0"
    }
  ],
  "version": "1.0.0",
  "lastModified": "2025-01-05T06:47:14.520Z"
}