{
  "version": "1.0.0",
  "profile": {
    "id": "97980360-679d-45ed-83fa-2dda2e21fc72",
    "name": "pictory",
    "default": true,
    "openai": {
      "apiKey": ""
    },
    "threads": [],
    "projects": [
      {
        "id": "99bb7f30-e50f-4541-bf87-922c73527e44",
        "name": "Default Project",
        "description": "Migrated from existing data",
        "created": "2024-11-30T03:36:48.195Z",
        "lastModified": "2024-11-30T03:36:48.195Z"
      },
      {
        "id": "a247c8ad-19f9-4149-bf16-631d8c28a0b9",
        "name": "test",
        "description": "test",
        "created": "2024-11-30T03:56:05.355Z",
        "lastModified": "2024-11-30T03:56:05.355Z"
      },
      {
        "id": "126036ec-935c-4cab-9a9f-600a3236200e",
        "name": "test",
        "created": "2024-12-17T22:25:46.785Z",
        "lastModified": "2024-12-17T22:25:46.785Z"
      },
      {
        "id": "71de071a-0a9a-4c58-9099-b9b81d9ea321",
        "name": "video",
        "created": "2024-12-20T22:02:29.231Z",
        "lastModified": "2024-12-20T22:02:29.231Z"
      },
      {
        "id": "9aed8284-4172-4b1e-babf-5c1d71289a58",
        "name": "video2",
        "created": "2024-12-28T20:08:15.080Z",
        "lastModified": "2024-12-28T20:08:15.080Z"
      },
      {
        "id": "fa482a78-7329-4705-99f7-ff33b477da8c",
        "name": "empty",
        "created": "2025-01-02T00:30:27.188Z",
        "lastModified": "2025-01-02T00:30:27.188Z"
      },
      {
        "id": "f8b44d5d-0305-4817-8f03-ff74fc8bffc5",
        "name": "video3",
        "created": "2025-01-02T03:45:43.022Z",
        "lastModified": "2025-01-02T03:45:43.022Z"
      },
      {
        "id": "8de80ccc-5c28-473e-9374-0cabdec99ac1",
        "name": "hi",
        "created": "2025-01-05T06:47:07.676Z",
        "lastModified": "2025-01-05T06:47:07.676Z"
      }
    ],
    "activeProjectId": "f8b44d5d-0305-4817-8f03-ff74fc8bffc5",
    "overlays": []
  }
}