{
  "version": "1.0",
  "schemas": [
    {
      "name": "ScriptOutline",
      "description": "Outline for a video script",
      "fields": [
        {
          "name": "title",
          "type": "string",
          "description": "Title of the outline",
          "required": true,
          "isMedia": false,
          "validation": {
            "required": false
          }
        },
        {
          "name": "structure",
          "type": "array",
          "description": "An array of strings, each representing a bullet point in the script outline.",
          "required": false,
          "isMedia": false,
          "validation": {
            "required": false,
            "items": {
              "type": "string"
            }
          }
        },
        {
          "name": "description",
          "type": "string",
          "description": "A brief description of the video outline",
          "required": false,
          "isMedia": false,
          "validation": {
            "required": false
          }
        },
        {
          "name": "target_audience",
          "type": "string",
          "description": "Description of the type of audience this outline targets",
          "required": false,
          "isMedia": false,
          "validation": {
            "required": false
          }
        },
        {
          "name": "call_to_action",
          "type": "string",
          "description": "A sentence describing what the video outline wants the viewer to do",
          "required": false,
          "isMedia": false,
          "validation": {
            "required": false
          }
        },
        {
          "name": "length",
          "type": "string",
          "description": "How long the video should be",
          "required": false,
          "isMedia": false,
          "validation": {
            "required": false
          }
        },
        {
          "name": "style",
          "type": "string",
          "description": "Key words and phrases to describe the style of the video",
          "required": false,
          "isMedia": false,
          "validation": {
            "required": false
          }
        }
      ],
      "id": "fe09246c-0708-40f3-b2b2-2d436ef33a61",
      "version": 11,
      "createdAt": "2024-11-20T06:00:54.094Z",
      "updatedAt": "2024-11-29T05:20:19.366Z",
      "isFinalOutput": false
    },
    {
      "name": "Script",
      "description": "A script generated from an outline",
      "fields": [
        {
          "name": "title",
          "type": "string",
          "description": "Title of the script",
          "required": true,
          "isMedia": false,
          "validation": {
            "required": false
          }
        },
        {
          "name": "content",
          "type": "string",
          "description": "Content of the script",
          "required": true,
          "isMedia": false,
          "validation": {
            "required": false
          }
        }
      ],
      "id": "d1b503bb-2584-4123-8061-2deb190204c7",
      "version": 2,
      "createdAt": "2024-11-20T06:00:57.487Z",
      "updatedAt": "2024-11-26T06:53:30.713Z",
      "isFinalOutput": false
    },
    {
      "name": "PictoryRequest",
      "description": "The request we sent to Pictory to generate a video",
      "isFinalOutput": false,
      "fields": [
        {
          "name": "videoName",
          "type": "string",
          "description": "videoName",
          "required": false,
          "isMedia": false,
          "validation": {
            "required": false
          }
        },
        {
          "name": "videoDescription",
          "type": "string",
          "description": "videoDescription",
          "required": false,
          "isMedia": false,
          "validation": {
            "required": false
          }
        },
        {
          "name": "language",
          "type": "string",
          "description": "language",
          "required": false,
          "isMedia": false,
          "validation": {
            "required": false
          }
        },
        {
          "name": "audio",
          "type": "object",
          "description": "audio",
          "required": false,
          "isMedia": false,
          "validation": {
            "required": false
          }
        },
        {
          "name": "textStyles",
          "type": "object",
          "description": "textStyles",
          "required": false,
          "isMedia": false,
          "validation": {
            "required": false
          }
        },
        {
          "name": "brandLogo",
          "type": "object",
          "description": "brandLogo",
          "required": false,
          "isMedia": false,
          "validation": {
            "required": false
          }
        },
        {
          "name": "scenes",
          "type": "array",
          "description": "scenes",
          "required": false,
          "isMedia": false,
          "validation": {
            "required": false,
            "items": {
              "type": "object"
            }
          }
        }
      ],
      "id": "ce8b395c-4bc0-4daf-b55c-7540b5bfc321",
      "version": 3,
      "createdAt": "2024-12-01T06:05:19.029Z",
      "updatedAt": "2024-12-01T21:59:31.432Z"
    },
    {
      "name": "PictoryJob",
      "description": "The response from Pictory after we send it a request",
      "fields": [
        {
          "name": "title",
          "type": "string",
          "description": "Title of the request",
          "required": false,
          "isMedia": false,
          "validation": {
            "required": false
          }
        },
        {
          "name": "content",
          "type": "object",
          "description": "Content of the request",
          "required": false,
          "isMedia": false,
          "validation": {
            "required": false
          }
        },
        {
          "name": "threadId",
          "type": "string",
          "description": "Associated thread ID",
          "required": false,
          "isMedia": false,
          "validation": {
            "required": false
          }
        },
        {
          "name": "jobId",
          "type": "string",
          "description": "Pictory job ID",
          "required": true,
          "isMedia": false,
          "validation": {
            "required": false
          }
        },
        {
          "name": "preview",
          "type": "string",
          "description": "Preview URL",
          "required": false,
          "isMedia": false,
          "validation": {
            "required": false
          }
        }
      ],
      "id": "d5733ec3-a760-4971-a534-43fd42520aea",
      "version": 2,
      "createdAt": "2024-11-20T06:00:57.496Z",
      "updatedAt": "2024-12-01T06:04:34.462Z",
      "isFinalOutput": false
    },
    {
      "name": "PictoryRender",
      "description": "A rendered video from Pictory",
      "fields": [
        {
          "name": "jobId",
          "type": "string",
          "description": "Pictory job ID",
          "required": true
        },
        {
          "name": "preview",
          "type": "string",
          "description": "Preview URL"
        },
        {
          "name": "video",
          "type": "string",
          "description": "Video URL"
        },
        {
          "name": "thumbnail",
          "type": "string",
          "description": "Thumbnail URL"
        },
        {
          "name": "duration",
          "type": "number",
          "description": "Video duration in seconds"
        }
      ],
      "id": "d4ca1f06-307e-4025-9594-02af120043ff",
      "version": 1,
      "createdAt": "2024-11-20T06:00:57.504Z",
      "updatedAt": "2024-11-20T06:00:57.504Z"
    },
    {
      "name": "Video",
      "description": "A video file",
      "fields": [
        {
          "name": "videoUrl",
          "type": "string",
          "description": "videoUrl",
          "required": false,
          "isMedia": true,
          "validation": {
            "required": false,
            "mediaType": "video"
          }
        },
        {
          "name": "thumbnail",
          "type": "string",
          "description": "thumbnail",
          "required": false,
          "isMedia": true,
          "validation": {
            "required": false,
            "mediaType": "image"
          }
        },
        {
          "name": "duration",
          "type": "number",
          "description": "duration",
          "required": false,
          "isMedia": false,
          "validation": {
            "required": false
          }
        }
      ],
      "id": "b3e47e4e-bd69-4968-9c29-7c2e0b01c29b",
      "version": 6,
      "createdAt": "2024-11-20T06:00:57.513Z",
      "updatedAt": "2024-12-01T07:28:45.935Z",
      "isFinalOutput": true
    }
  ]
}