{
  "name": "sendToPictory",
  "description": "Sends content to Pictory API for video generation",
  "parameters": {
    "type": "object",
    "properties": {
      "content": {
        "type": "string",
        "description": "JSON string containing the video content"
      },
      "title": {
        "type": "string",
        "description": "Optional title for the video"
      }
    },
    "required": ["output", "threadId"]
  },
  "implementation": {
    "command": "node",
    "script": "scripts/pictory/pictory.js",
    "workingDir": "${appConfigDir}",
    "timeout": 300000
  }
}
